goal_number,date,team,opponent,competition,is_home,assist_player,shot_x,shot_y,body_part,goal_type,finish_type,milestone
1,2005-05-01,FCBarcelona,Albacete,LL,1,Ronaldinho,13,34,1,0,,
2,2005-11-02,FCBarcelona,Panathanaikos,CL,1,none,2,58,1,0,tap-in,
3,2005-11-27,FCBarcelona,Racing Santander,LL,1,none,13,60,1,0,,
4,2006-01-15,FCBarcelona,Athletic Club,LL,0,none,3,40,1,0,tap-in,
5,2006-01-22,FCBarcelona,Alaves,LL,0,none,4,44,1,0,tap-in,
6,2006-01-29,FCBarcelona,mallorca,LL,0,Sylvinho,13,35,2,0,,
7,2006-01-30,FCBarcelona,mallorca,LL,0,Ronaldinho,7,31,1,0,chip,
8,2006-02-01,FCBarcelona,Real Zaragoza,CDR,1,giuly,7,43,3,0,header,
9,2006-02-18,FCBarcelona,Real Betis,LL,1,none,3,42,1,0,self rebound,
10,2006-03-01,Argentina,Croatia,IF,0,none,20,64,1,0,solo,
11,2006-06-16,Argentina,Serbia,WC,0,Tevez,10,64,2,0,,
12,2006-08-28,FCBarcelona,Celta Vigo,LL,0,Iniesta,13,39,1,0,,
13,2006-09-09,FCBarcelona,Osasuna,LL,0,Etoo,8,57,1,0,,
14,2006-09-27,FCBarcelona,Werder Bremen,CL,0,Deco,11,62,1,0,,
15,2006-10-15,FCBarcelona,Sevilla,LL,1,Xavi,8,64,2,0,,
16,2007-03-10,FCBarcelona,Real Madrid,LL,1,Etoo,8,58,1,0,,first hat trick
17,2007-03-11,FCBarcelona,Real Madrid,LL,1,none,8,57,1,0,rebound,
18,2007-03-12,FCBarcelona,Real Madrid,LL,1,Ronaldinho,10,37,1,0,,
19,2007-03-17,FCBarcelona,Huelva,LL,0,none,14,39,1,0,,
20,2007-03-31,FCBarcelona,Deportivo La Coruna,LL,1,Ronaldinho,9,39,1,0,,
21,2007-04-18,FCBarcelona,Getafe,CDR,1,Xavi,2,61,2,0,solo,enkara messi
22,2007-04-18,FCBarcelona,Getafe,CDR,1,Deco,10,45,1,0,,
23,2007-05-20,FCBarcelona,Atletico Madrid,LL,0,Etoo,9,45,1,0,,
24,2007-05-20,FCBarcelona,Atletico Madrid,LL,0,Van Brockhurst,9,37,1,0,,
25,2007-06-05,Argentina,Algeria,IF,1,Messi,11,50,1,1,,
26,2007-06-05,Argentina,Algeria,IF,1,unknown,9,52,1,0,,
27,2007-06-09,FCBarcelona,Espanyol,LL,1,Pedro,4,54,3,0,,hand of god?
28,2007-06-09,FCBarcelona,Espanyol,LL,1,Deco,6,63,2,0,,
29,2007-06-17,FCBarcelona,Gimnastic,LL,0,unknown,18,61,1,0,,
30,2007-06-18,FCBarcelona,Gimnastic,LL,0,none,1,47,1,0,tap-in,
31,2007-07-09,Argentina,Peru,CA,1,Riquelme,7,62,1,0,,
32,2007-07-12,Argentina,Mexico,CA,0,Riquelme,11,66,1,0,chip,
33,2007-09-19,FCBarcelona,Lyon,CL,1,Iniesta,13,58,1,0,,
34,2007-09-22,FCBarcelona,Sevilla,LL,0,Henry,9,53,1,0,,
35,2007-09-22,FCBarcelona,Sevilla,LL,0,dos Santos,11,50,1,1,,
36,2007-09-26,FCBarcelona,Real Zaragoza,LL,1,Henry,18,55,1,0,,
37,2007-09-26,FCBarcelona,Real Zaragoza,LL,1,Deco,13,54,1,0,,
38,2007-09-29,FCBarcelona,Levante,LL,0,none,4,62,1,0,,
39,2007-10-02,FCBarcelona,Stuttgart,CL,0,Henry,8,55,2,0,,
40,2007-10-07,FCBarcelona,Atletico Madrid,LL,1,Ronaldinho,9,34,1,0,,
41,2007-10-17,Argentina,Venezuela,WCQ,0,Tevez,19,61,1,0,,
42,2007-10-28,FCBarcelona,Almeria,LL,1,dos Santos,11,50,1,1,,
43,2007-11-07,FCBarcelona,Rangers,CL,1,none,9,43,1,0,,
44,2007-11-21,FCBarcelona,Colombia,WCQ,0,unknown,8,37,1,0,,
45,2007-11-24,FCBarcelona,Recreative de Huelva,LL,1,none,11,50,1,1,,
46,2007-11-27,FCBarcelona,Lyon,CL,0,Messi,11,50,1,1,,
47,2008-02-20,FCBarcelona,Celtic,CL,1,Deco,8,65,1,0,,
48,2008-02-20,FCBarcelona,Celtic,CL,1,Etoo,8,57,1,0,,
49,2008-02-24,FCBarcelona,Levante,LL,1,Xavi,15,60,1,0,,
50,2008-05-04,FCBarcelona,Valencia,LL,1,Messi,11,50,1,1,,
51,2008-06-05,Argentina,Mexico,IF,0,Cruz,9,51,1,0,,
52,2008-09-13,FCBarcelona,Racing Santander,LL,1,none,11,50,1,1,,
53,2008-09-21,FCBarcelona,Sporting Gijon,LL,0,Iniesta,7,58,1,0,,
54,2008-09-21,FCBarcelona,Sporting Gijon,LL,0,Xavi,9,45,3,0,,
55,2008-09-27,FCBarcelona,Espanyol,LL,0,Etoo,11,50,1,1,,
56,2008-10-01,FCBarcelona,Shaktar Donetsk,CL,0,none,3,49,2,0,tap-in,
57,2008-10-01,FCBarcelona,Shaktar Donetsk,CL,0,Xavi,7,35,2,0,,
58,2008-10-04,FCBarcelona,Atletico Madrid,LL,1,none,22,68,1,2,,
59,2008-10-11,Argentina,Uruguay,WCQ,1,Riquelme,7,54,3,0,,
60,2008-10-22,FCBarcelona,Basel,CL,0,Alves,4,42,1,0,,
61,2008-11-01,FCBarcelona,Malaga,LL,0,none,6,69,1,0,,
62,2008-11-04,FCBarcelona,Basel,CL,1,Henry,17,43,1,0,,
63,2008-11-12,FCBarcelona,Benidorm,CDR,1,none,2,48,1,0,,
64,2008-11-16,FCBarcelona,Recreative de Huelva,LL,0,Xavi,9,34,1,0,,
65,2008-11-26,FCBarcelona,Sporting Lisbon,CL,1,Alves,13,61,1,0,,
66,2008-11-29,FCBarcelona,Sevilla,LL,0,Xavi,18,45,1,0,,
67,2008-11-29,FCBarcelona,Sevilla,LL,0,Hleb,12,21,1,0,,
68,2008-12-13,FCBarcelona,Real Madrid,LL,1,Henry,9,35,1,0,,
69,2009-01-06,FCBarcelona,Atletico Madrid,CDR,0,Alves,9,67,1,0,,
70,2009-01-06,FCBarcelona,Atletico Madrid,CDR,0,none,11,50,1,1,,
71,2009-01-06,FCBarcelona,Atletico Madrid,CDR,0,Iniesta,8,58,2,0,,
72,2009-01-11,FCBarcelona,Osasuna,LL,0,none,19,58,1,0,,
73,2009-01-17,FCBarcelona,Deportivo La Coruna,LL,1,Xavi,15,45,1,0,,
74,2009-01-24,FCBarcelona,Numancia,LL,1,Alves,4,56,1,0,,
75,2009-01-24,FCBarcelona,Numancia,LL,1,none,4,56,2,0,,
76,2009-02-01,FCBarcelona,Racing Santander,LL,1,none,4,61,2,0,rebound,
77,2009-02-01,FCBarcelona,Racing Santander,LL,1,none,8,66,2,0,,
78,2009-02-11,Argentina,France,IF,0,Tevez,13,33,1,0,,
79,2009-03-01,FCBarcelona,Atletico Madrid,LL,0,Henry,8,37,1,0,,
80,2009-03-04,FCBarcelona,Mallorca,CDR,0,none,13,54,1,0,chip,
81,2009-03-07,FCBarcelona,Athletic Club,LL,1,none,11,50,1,1,,
82,2009-03-11,FCBarcelona,Lyon,CL,1,Etoo,12,58,1,0,,
83,2009-03-22,FCBarcelona,Malaga,LL,1,none,7,59,1,0,solo,
84,2009-03-28,Argentina,Venezuela,WCQ,1,Tevez,8,59,1,0,,
85,2009-04-08,FCBarcelona,Bayern Munich,CL,1,Etoo,9,57,1,0,,
86,2009-04-08,FCBarcelona,Bayern Munich,CL,1,Henry,2,45,2,0,,
87,2009-04-18,FCBarcelona,Getafe,LL,0,Xavi,5,41,1,0,,
88,2009-04-25,FCBarcelona,Valencia,LL,0,Iniesta,8,48,1,0,,
89,2009-05-02,FCBarcelona,Real Madrid,LL,0,none,9,57,1,0,,
90,2009-05-02,FCBarcelona,Real Madrid,LL,0,Xavi,5,55,1,0,,
91,2009-05-13,FCBarcelona,Athletic Club,LL,1,none,10,48,1,0,,
92,2009-05-27,FCBarcelona,Man United,CL,0,Xavi,7,56,3,0,Final,
93,2009-08-23,FCBarcelona,Athletic Club,Spanish SC,1,none,3,66,2,0,chip,
94,2009-08-23,FCBarcelona,Athletic Club,Spanish SC,1,none,11,50,1,1,,
95,2009-09-12,FCBarcelona,Getafe,LL,0,Ibra,7,57,3,0,,
96,2009-09-19,FCBarcelona,Atletico Madrid,LL,1,Xavi,6,50,1,0,,
97,2009-09-19,FCBarcelona,Atletico Madrid,LL,1,Alves,14,60,2,0,,
98,2009-09-22,FCBarcelona,Racing Santander,LL,0,Xavi,15,54,1,0,,
99,2009-09-22,FCBarcelona,Racing Santander,LL,0,Xavi,17,53,1,0,,
100,2009-09-29,FCBarcelona,Dynamo Kyiv,CL,1,Iniesta,13,66,1,0,,
101,2009-10-25,FCBarcelona,Real Zaragoza,LL,1,Iniesta,9,60,1,0,chip,
102,2009-11-07,FCBarcelona,Mallorca,LL,1,none,11,50,1,1,,
103,2009-11-10,FCBarcelona,Cultural Leonesa,CDR,1,Xavi,14,41,1,0,,
104,2009-11-14,Argentina,Spain,IF,0,none,11,50,1,1,,
105,2009-12-05,FCBarcelona,Deportivo La Coruna,LL,0,Alves,18,55,1,0,,
106,2009-12-05,FCBarcelona,Deportivo La Coruna,LL,0,Pedro,10,54,3,0,,
107,2009-12-09,FCBarcelona,Dynamo Kyiv,CL,0,none,23,67,1,2,,
108,2009-12-16,FCBarcelona,Atlante,Club WC,0,Ibra,7,42,1,0,,
109,2009-12-19,FCBarcelona,Estudiantes,Club WC,0,Alves,6,50,3,0,,
110,2010-01-10,FCBarcelona,Tenerife,LL,0,Bojan,9,55,1,0,,
111,2010-01-10,FCBarcelona,Tenerife,LL,0,Bojan,3,53,2,0,,
112,2010-01-10,FCBarcelona,Tenerife,LL,0,Bojan,12,41,2,0,chip,
113,2010-01-16,FCBarcelona,Sevilla,LL,1,Alves,7,50,1,0,,
114,2010-01-16,FCBarcelona,Sevilla,LL,1,Abidal,14,47,1,0,,
115,2010-01-23,FCBarcelona,Valladolid,LL,0,Ibra,10,55,1,0,,
116,2010-02-06,FCBarcelona,Getafe,LL,1,toure,21,48,1,0,,
117,2010-02-27,FCBarcelona,Malaga,LL,1,Alves,6,47,2,0,,
118,2010-03-06,FCBarcelona,Almeria,LL,0,none,12,56,1,2,,
119,2010-03-06,FCBarcelona,Almeria,LL,0,none,5,48,1,0,,
120,2010-03-14,FCBarcelona,Valencia,LL,1,Xavi,7,62,1,0,,
121,2010-03-14,FCBarcelona,Valencia,LL,1,Henry,14,63,1,0,,
122,2010-03-14,FCBarcelona,Valencia,LL,1,unknown,6,63,2,0,,
123,2010-03-17,FCBarcelona,Stuttgart,CL,1,unknown,19,45,1,0,,
124,2010-03-17,FCBarcelona,Stuttgart,CL,1,Alves,20,49,1,0,,
125,2010-03-21,FCBarcelona,Real Zaragoza,LL,0,Pedro,9,52,3,0,,
126,2010-03-21,FCBarcelona,Real Zaragoza,LL,0,,10,35,1,0,,
127,2010-03-21,FCBarcelona,Real Zaragoza,LL,0,Iniesta,17,63,1,0,,
128,2010-04-03,FCBarcelona,Athletic Club,LL,1,Pedro,7,56,1,0,,
129,2010-04-06,FCBarcelona,Arsenal,CL,1,none,18,53,1,0,,
130,2010-04-06,FCBarcelona,Arsenal,CL,1,Pedro,8,53,1,0,,
131,2010-04-06,FCBarcelona,Arsenal,CL,1,Keita,14,59,1,0,chip,
132,2010-04-06,FCBarcelona,Arsenal,CL,1,none,4,35,1,0,,
133,2010-04-10,FCBarcelona,Real Madrid,LL,0,Xavi,8,43,2,0,,
134,2010-05-01,FCBarcelona,Villareal,LL,0,Xavi,6,33,1,0,,
135,2010-05-01,FCBarcelona,Villareal,LL,0,Alves,6,52,1,0,,
136,2010-05-04,FCBarcelona,Tenerife,LL,1,Ibra,2,55,2,0,,
137,2010-05-04,FCBarcelona,Tenerife,LL,1,Maxwell,7,61,2,0,,
138,2010-05-08,FCBarcelona,Sevilla,LL,0,Maxwell,14,44,1,0,,
139,2010-05-16,FCBarcelona,Valladolid,LL,1,toure,6,44,2,0,,
140,2010-05-16,FCBarcelona,Valladolid,LL,1,toure,14,48,1,0,,
141,2010-08-21,FCBarcelona,Sevilla,Spanish SC,1,Xavi,10,37,1,0,,
142,2010-08-21,FCBarcelona,Sevilla,Spanish SC,1,Alves,6,64,2,0,,
143,2010-08-21,FCBarcelona,Sevilla,Spanish SC,1,Iniesta,9,45,1,0,,
144,2010-08-29,FCBarcelona,Racing Santander,LL,0,Iniesta,13,63,2,0,chip,
145,2010-09-07,Argentina,Spain,IF,1,Tevez,4,39,1,0,chip,
146,2010-09-14,FCBarcelona,Panathanaikos,CL,1,Xavi,9,64,1,0,,
147,2010-09-14,FCBarcelona,Panathanaikos,CL,1,Pedro,13,46,1,0,,
148,2010-09-19,FCBarcelona,Atletico Madrid,LL,0,Pedro,7,60,1,0,,
149,2010-10-03,FCBarcelona,Mallorca,LL,1,Pedro,19,51,1,0,,
150,2010-10-20,FCBarcelona,Copenhagen,CL,1,Iniesta,20,47,1,0,,
151,2010-10-20,FCBarcelona,Copenhagen,CL,1,Abidal,3,50,1,0,,
152,2010-10-23,FCBarcelona,Real Zaragoza,LL,0,Villa,13,46,1,0,,
153,2010-10-23,FCBarcelona,Real Zaragoza,LL,0,,14,55,1,0,,
154,2010-10-30,FCBarcelona,Sevilla,LL,1,,7,35,1,0,,
155,2010-10-30,FCBarcelona,Sevilla,LL,1,,19,45,1,0,Solo,
156,2010-11-02,FCBarcelona,Copenhagen,CL,1,,8,59,2,0,,
157,2010-11-07,FCBarcelona,Getafe,LL,0,Villa,5,63,1,0,,
158,2010-11-10,FCBarcelona,Ceuta,CDR,1,Thiago,12,52,1,0,,
159,2010-11-13,FCBarcelona,Villareal,LL,1,Pedro,4,65,2,0,chip,
160,2010-11-13,FCBarcelona,Villareal,LL,1,Pedro,6,54,1,0,,
161,2010-11-17,Argentina,Brazil,IF,0,Lavezzi,15,45,1,0,,
162,2010-11-20,FCBarcelona,Almeria,LL,0,Villa,20,45,1,0,,
163,2010-11-20,FCBarcelona,Almeria,LL,0,,3,55,2,0,,
164,2010-11-20,FCBarcelona,Almeria,LL,0,Villa,3,55,1,0,,
165,2010-11-24,FCBarcelona,Panathanaikos,CL,1,Adriano,6,47,1,0,,
166,2010-12-04,FCBarcelona,Osasuna,LL,0,Villa,11,36,1,0,,
167,2010-12-04,FCBarcelona,Osasuna,LL,0,none,11,50,1,1,,
168,2010-12-12,FCBarcelona,Real Sociedad,LL,1,Alves,7,65,1,0,,
169,2010-12-12,FCBarcelona,Real Sociedad,LL,1,Bojan,8,44,1,0,,
170,2011-01-08,FCBarcelona,Deportivo La Coruna,LL,0,,22,46,1,2,,
171,2011-01-12,FCBarcelona,Real Betis,CDR,1,Iniesta,11,65,1,0,chip,
172,2011-01-12,FCBarcelona,Real Betis,CDR,1,,7,34,1,0,,
173,2011-01-12,FCBarcelona,Real Betis,CDR,1,Xavi,13,47,1,0,,
174,2011-01-19,FCBarcelona,Real Betis,CDR,0,Xavi,10,38,1,0,,
175,2011-01-22,FCBarcelona,Racing Santander,LL,1,none,11,50,1,1,,
176,2011-01-26,FCBarcelona,Almeria,CDR,1,Pedro,18,44,1,0,,
177,2011-01-26,FCBarcelona,Almeria,CDR,1,Iniesta,12,58,1,0,,
178,2011-01-29,FCBarcelona,Hercules,LL,0,Alves,14,48,1,0,,
179,2011-01-29,FCBarcelona,Hercules,LL,0,Alves,2,47,1,0,,
180,2011-02-05,FCBarcelona,Atletico Madrid,LL,1,Alves,17,54,1,0,,
181,2011-02-05,FCBarcelona,Atletico Madrid,LL,1,Pedro,6,54,1,0,,
182,2011-02-05,FCBarcelona,Atletico Madrid,LL,1,Villa,2,54,1,0,,
183,2011-02-09,Argentina,Portugal,IF,0,,11,50,1,1,,
184,2011-02-20,FCBarcelona,Athletic Club,LL,1,Alves,5,58,2,0,,
185,2011-02-26,FCBarcelona,Mallorca,LL,0,Keita,7,56,3,0,,
186,2011-03-02,FCBarcelona,Valencia,LL,0,Adriano,9,46,1,0,,
187,2011-03-08,FCBarcelona,Arsenal,CL,1,Inieta,3,55,1,0,self assist,
188,2011-03-08,FCBarcelona,Arsenal,CL,1,,11,50,1,1,,
189,2011-04-09,FCBarcelona,Almeria,LL,1,,11,50,1,0,,
190,2011-04-09,FCBarcelona,Almeria,LL,1,,7,48,1,0,,
191,2011-04-12,FCBarcelona,Shaktar Donetsk,CL,1,Alves,10,57,1,0,,
192,2011-04-16,FCBarcelona,Real Madrid,LL,0,,11,50,1,1,,
193,2011-04-23,FCBarcelona,Osasuna,LL,1,Alves,10,58,2,0,,
194,2011-04-27,FCBarcelona,Real Madrid,CL,0,Affelai,2,54,1,0,,
195,2011-04-27,FCBarcelona,Real Madrid,CL,0,Busquets,8,60,2,0,,Solo
196,2011-05-26,FCBarcelona,Man United,CL,0,Iniesta,21,57,1,0,,
197,2011-06-20,Argentina,Albania,IF,1,Lavezzi,13,54,1,0,,
198,2011-08-14,FCBarcelona,Real Madrid,Spanish SC,0,Thiago,10,64,1,0,,
199,2011-08-17,FCBarcelona,Real Madrid,Spanish SC,1,Pique,5,58,2,0,,
200,2011-08-17,FCBarcelona,Real Madrid,Spanish SC,1,Adriano,8,53,1,0,,
201,2011-08-26,FCBarcelona,Porto,European SC,1,,6,35,1,0,,
202,2011-08-29,FCBarcelona,Villareal,LL,1,Iniesta,4,62,2,0,,
203,2011-08-29,FCBarcelona,Villareal,LL,1,Thiago,3,51,3,0,,
204,2011-09-17,FCBarcelona,Osasuna,LL,1,Alves,1,45,1,0,,
205,2011-09-17,FCBarcelona,Osasuna,LL,1,Fabregas,10,48,1,0,,
206,2011-09-17,FCBarcelona,Osasuna,LL,1,Fabregas,9,53,1,0,,
207,2011-09-24,FCBarcelona,Atletico Madrid,LL,1,Pedro,7,65,1,0,,
208,2011-09-24,FCBarcelona,Atletico Madrid,LL,1,Alves,9,36,1,0,,
209,2011-09-24,FCBarcelona,Atletico Madrid,LL,1,Villa,4,36,1,0,,
210,2011-09-28,FCBarcelona,Bate Borisov,CL,0,,4,54,3,0,,
211,2011-09-28,FCBarcelona,Bate Borisov,CL,0,Alves,14,54,3,0,,
212,2011-10-08,Argentina,Chile,WCQ,1,Higuain,15,48,1,0,,
213,2011-10-15,FCBarcelona,Racing Santander,LL,1,Iniesta,3,60,2,0,,
214,2011-10-15,FCBarcelona,Racing Santander,LL,1,,11,61,2,0,,
215,2011-10-29,FCBarcelona,Mallorca,LL,1,,11,50,1,1,,
216,2011-10-29,FCBarcelona,Mallorca,LL,1,Adriano,6,54,2,0,,
217,2011-10-29,FCBarcelona,Mallorca,LL,1,Alves,11,47,1,0,,
218,2011-11-01,FCBarcelona,Viktoria Plzen,CL,0,,11,50,1,1,,
219,2011-11-01,FCBarcelona,Viktoria Plzen,CL,0,Adriano,10,43,1,0,,
220,2011-11-01,FCBarcelona,Viktoria Plzen,CL,0,Pique,6,39,1,0,,
221,2011-11-06,FCBarcelona,Athletic Club,LL,0,,14,42,1,0,,
222,2011-11-15,Argentina,Colombia,WCQ,0,Sosa,4,39,1,0,,
223,2011-11-19,FCBarcelona,Real Zaragoza,LL,1,Fabregas,6,62,1,0,,
224,2011-11-23,FCBarcelona,AC Milan,CL,0,,11,50,1,1,,
225,2011-11-29,FCBarcelona,Rayo Vallecano,LL,1,Alves,4,66,1,0,,
226,2011-12-03,FCBarcelona,Levante,LL,1,Alves,9,64,1,0,,
227,2011-12-18,FCBarcelona,Santos,Club WC,0,Xavi,7,64,1,0,Chip,
228,2011-12-18,FCBarcelona,Santos,Club WC,0,Alves,3,43,1,0,,
229,2012-01-04,FCBarcelona,Osasuna,CDR,1,Fabregas,8,47,3,0,,
230,2012-01-04,FCBarcelona,Osasuna,CDR,1,Xavi,17,59,1,0,,
231,2012-01-15,FCBarcelona,Real Betis,LL,1,Alexis,6,53,1,0,,
232,2012-01-15,FCBarcelona,Real Betis,LL,1,,11,50,1,1,,
233,2012-01-22,FCBarcelona,Malaga,LL,0,Adriano,13,52,3,0,,
234,2012-01-22,FCBarcelona,Malaga,LL,0,Thiago,15,53,1,0,,
235,2012-01-22,FCBarcelona,Malaga,LL,0,Pedro,6,38,1,0,,
236,2012-02-04,FCBarcelona,Real Sociedad,LL,1,Alves,4,39,1,0,,
237,2012-02-14,FCBarcelona,Bayer Leverkusen,CL,0,Alves,8,47,1,0,,
238,2012-02-19,FCBarcelona,Valencia,LL,1,,2,40,1,0,,
239,2012-02-19,FCBarcelona,Valencia,LL,1,Abidal,0,56,1,0,,
240,2012-02-19,FCBarcelona,Valencia,LL,1,Tello,10,45,1,0,,
241,2012-02-19,FCBarcelona,Valencia,LL,1,Busquets,13,48,1,0,Chip,
242,2012-02-26,FCBarcelona,Atletico Madrid,LL,0,,8,36,1,2,,
243,2012-02-29,Argentina,Switzerland,IF,0,Aguero,16,48,1,0,,
244,2012-02-29,Argentina,Switzerland,IF,0,Aguero,16,48,1,0,,
245,2012-02-29,Argentina,Switzerland,IF,0,,11,50,1,1,,
246,2012-03-07,FCBarcelona,Bayer Leverkusen,CL,1,Xavi,10,37,1,0,Chip,
247,2012-03-07,FCBarcelona,Bayer Leverkusen,CL,1,Iniesta,10,54,1,0,,
248,2012-03-07,FCBarcelona,Bayer Leverkusen,CL,1,Fabregas,11,63,2,0,Chip,
249,2012-03-07,FCBarcelona,Bayer Leverkusen,CL,1,,2,40,1,0,,
250,2012-03-07,FCBarcelona,Bayer Leverkusen,CL,1,Keita,18,45,1,0,,
251,2012-03-11,FCBarcelona,Racing Santander,LL,0,Fabregas,4,50,1,0,,
252,2012-03-11,FCBarcelona,Racing Santander,LL,0,Fabregas,11,50,1,1,,
253,2012-03-17,FCBarcelona,Sevilla,LL,0,Iniesta,8,37,1,0,Chip,
254,2012-03-20,FCBarcelona,Granada,LL,1,Cuenca,12,61,1,0,,
255,2012-03-20,FCBarcelona,Granada,LL,1,Alves,9,42,1,0,Chip,
256,2012-03-20,FCBarcelona,Granada,LL,1,Alves,3,61,1,0,,
257,2012-03-24,FCBarcelona,Mallorca,LL,0,,27,78,1,2,,
258,2012-03-31,FCBarcelona,Athletic Club,LL,1,,11,50,1,1,,
259,2012-04-03,FCBarcelona,AC Milan,CL,1,,11,50,1,1,,
260,2012-04-03,FCBarcelona,AC Milan,CL,0,,11,50,1,1,,
261,2012-04-07,FCBarcelona,Real Zaragoza,LL,0,Alexis,9,36,1,0,,
262,2012-04-07,FCBarcelona,Real Zaragoza,LL,0,,11,50,1,1,,
263,2012-04-10,FCBarcelona,Getafe,LL,1,Iniesta,4,44,1,0,,
264,2012-04-14,FCBarcelona,Levante,LL,0,Alexis,15,49,1,0,,
265,2012-04-14,FCBarcelona,Levante,LL,0,,11,50,1,1,,
266,2012-04-29,FCBarcelona,Rayo Vallecano,LL,0,Pedro,2,43,1,0,,
267,2012-04-29,FCBarcelona,Rayo Vallecano,LL,0,Pedro,14,47,1,0,,
268,2012-05-02,FCBarcelona,Malaga,LL,1,,11,50,1,1,,
269,2012-05-02,FCBarcelona,Malaga,LL,1,,11,50,1,1,,
270,2012-05-02,FCBarcelona,Malaga,LL,1,Iniesta,7,52,1,0,,
271,2012-05-05,FCBarcelona,Espanyol,LL,1,,23,57,1,2,,
272,2012-05-05,FCBarcelona,Espanyol,LL,1,,11,50,1,1,,
273,2012-05-05,FCBarcelona,Espanyol,LL,1,Adriano,9,33,1,0,,
274,2012-05-05,FCBarcelona,Espanyol,LL,1,,11,50,1,1,,
275,2012-05-25,FCBarcelona,Athletic Club,LL,0,Iniesta,4,65,2,0,,
276,2012-06-03,Argentina,Ecuador,WCQ,1,Higuain,13,49,1,0,,
277,2012-06-09,Argentina,Brazil,IF,0,Higuain,15,55,1,0,,
278,2012-06-09,Argentina,Brazil,IF,0,DiMaria,8,38,1,0,,
279,2012-06-09,Argentina,Brazil,IF,0,Fernandez,20,61,1,0,,
280,2012-08-15,Argentina,Germany,IF,0,Higuain,15,39,1,0,,
281,2012-08-19,FCBarcelona,Real Sociedad,LL,1,Pedro,14,53,1,0,,
282,2012-08-19,FCBarcelona,Real Sociedad,LL,1,Tello,8,40,1,0,,
283,2012-08-23,FCBarcelona,Real Madrid,Spanish SC,1,,11,50,1,1,,
284,2012-08-26,FCBarcelona,Osasuna,LL,0,Alexis,6,53,1,0,,
285,2012-08-26,FCBarcelona,Osasuna,LL,0,Alba,14,50,1,0,,
286,2012-08-29,FCBarcelona,Real Madrid,Spanish SC,0,,27,50,1,2,,
287,2012-09-08,Argentina,Paraguay,WCQ,1,,30,52,1,2,,
288,2012-09-15,FCBarcelona,Getafe,LL,0,,11,50,1,1,,
289,2012-09-15,FCBarcelona,Getafe,LL,0,Montoya,4,47,1,0,,
290,2012-09-19,FCBarcelona,Spartak Moscow,CL,1,Tello,6,46,1,0,,
291,2012-09-19,FCBarcelona,Spartak Moscow,CL,1,Alexis,2,53,3,0,,
292,2012-10-07,FCBarcelona,Real Madrid,LL,1,,5,51,1,0,,
293,2012-10-07,FCBarcelona,Real Madrid,LL,1,,26,54,1,2,,
294,2012-10-13,Argentina,Uruguay,WCQ,1,DiMaria,3,47,2,0,,
295,2012-10-13,Argentina,Uruguay,WCQ,1,,22,71,1,2,,
296,2012-10-17,Argentina,Chile,WCQ,0,Gago,13,60,1,0,,
297,2012-10-20,FCBarcelona,Deportivo La Coruna,LL,0,Fabregas,19,46,1,0,,
298,2012-10-20,FCBarcelona,Deportivo La Coruna,LL,0,Fabregas,10,62,2,0,,
299,2012-10-20,FCBarcelona,Deportivo La Coruna,LL,0,Xavi,13,35,1,0,,
300,2012-10-27,FCBarcelona,Rayo Vallecano,LL,0,Montoya,14,49,1,0,,
301,2012-10-27,FCBarcelona,Rayo Vallecano,LL,0,Fabregas,3,65,2,0,,
302,2012-11-07,FCBarcelona,Celtic,CL,0,,3,57,1,0,,
303,2012-11-11,FCBarcelona,Mallorca,LL,0,Busquets,20,50,1,0,,
304,2012-11-11,FCBarcelona,Mallorca,LL,0,Alexis,14,38,1,0,,
305,2012-11-17,FCBarcelona,Real Zaragoza,LL,1,Pedro,12,41,1,0,,
306,2012-11-17,FCBarcelona,Real Zaragoza,LL,1,Montoya,19,56,1,0,,
307,2012-11-20,FCBarcelona,Spartak Moscow,CL,0,,16,52,2,0,,
308,2012-11-20,FCBarcelona,Spartak Moscow,CL,0,Pedro,8,39,1,0,,
309,2012-11-25,FCBarcelona,Levante,LL,0,Iniesta,11,37,1,0,chip,
310,2012-11-25,FCBarcelona,Levante,LL,0,Iniesta,7,40,1,0,,
311,2012-12-01,FCBarcelona,Athletic Club,LL,1,Xavi,7,44,1,0,,
312,2012-12-01,FCBarcelona,Athletic Club,LL,1,Alba,10,39,2,0,,
313,2012-12-09,FCBarcelona,Real Betis,LL,0,Iniesta,10,36,1,0,,
314,2012-12-09,FCBarcelona,Real Betis,LL,0,Iniesta,13,35,1,0,,record breaking goal
315,2012-12-12,FCBarcelona,Cordoba,CDR,0,Villa,5,53,1,0,,
316,2012-12-12,FCBarcelona,Cordoba,CDR,0,Alexis,7,41,1,0,,
317,2012-12-16,FCBarcelona,Atletico Madrid,LL,1,Alexis,19,42,1,0,,
318,2012-12-16,FCBarcelona,Atletico Madrid,LL,1,,7,59,1,0,,
319,2012-12-22,FCBarcelona,Valladolid,LL,0,Xavi,14,38,1,0,,
320,2013-01-06,FCBarcelona,Espanyol,LL,0,,11,50,1,1,,
321,2013-01-13,FCBarcelona,Malaga,LL,0,,14,33,2,0,,
322,2013-01-16,FCBarcelona,Malaga,CDR,1,,13,72,1,0,,
323,2013-01-19,FCBarcelona,Real Sociedad,LL,0,Iniesta,16,50,1,0,,
324,2013-01-24,FCBarcelona,Malaga,CDR,0,Alves,9,51,3,0,,
325,2013-01-27,FCBarcelona,Osasuna,LL,1,Xavi,1,55,2,0,,
326,2013-01-27,FCBarcelona,Osasuna,LL,1,,11,50,1,1,,
327,2013-01-27,FCBarcelona,Osasuna,LL,1,Villa,8,35,1,0,,
328,2013-01-27,FCBarcelona,Osasuna,LL,1,Adriano,5,48,1,0,,
329,2013-01-27,FCBarcelona,Valencia,LL,0,,11,50,1,1,,
330,2013-02-10,FCBarcelona,Getafe,LL,1,Thiago,7,42,1,0,,
331,2013-02-16,FCBarcelona,Granada,LL,0,,7,44,2,0,,
332,2013-02-16,FCBarcelona,Granada,LL,0,,24,42,1,2,,
333,2013-02-23,FCBarcelona,Sevilla,LL,1,Tello,10,45,1,0,,
334,2013-03-02,FCBarcelona,Real Madrid,LL,0,Alves,9,65,1,0,,
335,2013-03-09,FCBarcelona,Deportivo La Coruna,LL,1,Alexis,7,55,1,0,,
336,2013-03-12,FCBarcelona,AC Milan,CL,1,Xavi,15,46,1,0,,
337,2013-03-12,FCBarcelona,AC Milan,CL,1,Iniesta,18,55,1,0,,
338,2013-03-17,FCBarcelona,Rayo Vallecano,LL,1,Villa,10,35,1,0,,
339,2013-03-17,FCBarcelona,Rayo Vallecano,LL,1,Villa,10,41,1,0,Chip,
340,2013-03-23,Argentina,Venezuela,WCQ,1,,11,50,1,1,,
341,2013-03-30,FCBarcelona,Celta Vigo,LL,0,Tello,9,47,1,0,,
342,2013-04-02,FCBarcelona,PSG,CL,0,Alves,6,33,1,0,,
343,2013-04-27,FCBarcelona,Athletic Club,LL,0,Thiago,16,55,1,0,,
344,2013-05-05,FCBarcelona,Real Betis,LL,1,,21,64,1,2,,
345,2013-05-05,FCBarcelona,Real Betis,LL,1,Alexis,5,46,1,0,,
346,2013-06-15,Argentina,Guatemala,IF,0,Lavezzi,22,33,1,0,,
347,2013-06-15,Argentina,Guatemala,IF,0,,11,50,1,1,,
348,2013-06-15,Argentina,Guatemala,IF,0,Lavezzi,9,54,1,0,,
349,2013-08-18,FCBarcelona,Levante,LL,1,Pedro,8,42,1,0,,
350,2013-08-18,FCBarcelona,Levante,LL,1,,11,50,1,1,adriano assist,
351,2013-09-01,FCBarcelona,Valencia,LL,0,Fabregas,5,44,1,0,,
352,2013-09-01,FCBarcelona,Valencia,LL,0,Fabregas,8,60,2,0,,
353,2013-09-01,FCBarcelona,Valencia,LL,0,Neymar,12,42,1,0,,
354,2013-09-11,Argentina,Paraguay,WCQ,0,,11,50,1,1,,
355,2013-09-11,Argentina,Paraguay,WCQ,0,,11,50,1,1,,
356,2013-09-14,FCBarcelona,Sevilla,LL,1,Neymar,9,54,1,0,,
357,2013-09-18,FCBarcelona,Ajax,CL,1,,21,52,1,2,,
358,2013-09-18,FCBarcelona,Ajax,CL,1,Busquets,10,58,1,0,,
359,2013-09-18,FCBarcelona,Ajax,CL,1,Xavi,15,48,1,0,,
360,2013-09-24,FCBarcelona,Real Sociedad,LL,1,Neymar,6,57,2,0,,
361,2013-09-28,FCBarcelona,Almeria,LL,0,Pedro,17,57,1,0,,
362,2013-10-22,FCBarcelona,AC Milan,CL,0,Iniesta,11,56,1,0,,
363,2013-11-06,FCBarcelona,AC Milan,CL,1,,11,50,1,1,,
364,2013-11-06,FCBarcelona,AC Milan,CL,1,Fabregas,8,52,1,0,,
365,2014-01-08,FCBarcelona,Getafe,CDR,1,Montoya,8,44,1,0,,
366,2014-01-08,FCBarcelona,Getafe,CDR,1,Song,12,59,1,0,,
367,2014-01-16,FCBarcelona,Getafe,CDR,0,Tello,5,43,2,0,,
368,2014-01-16,FCBarcelona,Getafe,CDR,0,Tello,4,33,1,0,,
369,2014-02-01,FCBarcelona,Valencia,LL,1,,11,50,1,1,,
370,2014-02-09,FCBarcelona,Sevilla,LL,0,Pedro,16,39,1,0,,
371,2014-02-09,FCBarcelona,Sevilla,LL,0,Iniesta,17,47,1,0,,
372,2014-02-12,FCBarcelona,Real Sociedad,CDR,0,,17,47,1,0,,
373,2014-02-15,FCBarcelona,Rayo Vallecano,LL,1,Fabregas,19,34,1,0,Chip,
374,2014-02-15,FCBarcelona,Rayo Vallecano,LL,1,Alexis,14,50,1,0,,
375,2014-02-18,FCBarcelona,Man City,CL,0,,11,50,1,0,,
376,2014-02-22,FCBarcelona,Real Sociedad,LL,0,Montoya,17,46,1,0,,
377,2014-03-02,FCBarcelona,Almeria,LL,1,,26,48,1,2,,
378,2014-03-12,FCBarcelona,Man City,CL,1,Fabregas,9,57,1,0,,
379,2014-03-16,FCBarcelona,Osasuna,LL,1,Alexis,3,59,1,0,,
380,2014-03-16,FCBarcelona,Osasuna,LL,1,Iniesta,3,38,1,0,,
381,2014-03-16,FCBarcelona,Osasuna,LL,1,Alves,7,49,2,0,,
382,2014-03-23,FCBarcelona,Real Madrid,LL,0,Neymar,11,50,1,1,,
383,2014-03-23,FCBarcelona,Real Madrid,LL,0,Neymar,11,50,1,1,,
384,2014-03-23,FCBarcelona,Real Madrid,LL,0,Iniesta,11,50,1,1,,
385,2014-03-26,FCBarcelona,Celta Vigo,LL,1,Iniesta,6,59,2,0,,
386,2014-03-29,FCBarcelona,Espanyol,LL,0,Lopez,11,50,1,1,,
387,2014-04-05,FCBarcelona,Real Betis,LL,1,Alexis,11,50,1,1,,
388,2014-04-05,FCBarcelona,Real Betis,LL,1,,7,55,2,0,Missed pen,
389,2014-04-20,FCBarcelona,Athletic Club,LL,1,,18,52,1,2,,
390,2014-04-27,FCBarcelona,Villareal,LL,0,Fabregas,8,48,2,0,,
391,2014-05-03,FCBarcelona,Getafe,LL,1,Alves,13,45,1,0,,
392,2014-06-07,Argentina,Slovenia,IF,1,Aguero,7,54,1,0,,
393,2014-06-16,Argentina,Bosnia,WC,0,Higuain,17,50,1,0,,
394,2014-06-21,Argentina,Iran,WC,0,Lavezzi,19,68,1,0,,
395,2014-06-25,Argentina,Nigeria,WC,0,DiMaria,8,45,1,0,,
396,2014-06-25,Argentina,Nigeria,WC,0,,25,71,1,2,,
397,2014-08-24,FCBarcelona,Elche,LL,1,Busquets,13,38,1,0,,
398,2014-08-24,FCBarcelona,Elche,LL,1,,14,56,1,0,,
399,2014-09-21,FCBarcelona,Levante,LL,0,,14,53,2,0,Chip,
400,2014-09-27,FCBarcelona,Granada,LL,1,Alves,5,46,3,0,,
401,2014-09-27,FCBarcelona,Granada,LL,1,,8,57,2,0,,
402,2014-09-30,FCBarcelona,PSG,CL,0,Iniesta,12,43,1,0,,
403,2014-10-04,FCBarcelona,Rayo Vallecano,LL,0,Pique,7,39,1,0,,
404,2014-10-14,Argentina,HongKong,IF,0,Gaitan,9,53,2,0,,
405,2014-10-14,Argentina,HongKong,IF,0,,12,46,1,0,,
406,2014-10-18,FCBarcelona,Eibar,LL,1,Neymar,9,36,1,0,,
407,2014-10-21,FCBarcelona,Ajax,CL,1,Iniesta,9,52,1,0,,
408,2014-11-05,FCBarcelona,Ajax,CL,0,Bartra,9,54,3,0,,
409,2014-11-05,FCBarcelona,Ajax,CL,0,Pedro,5,49,1,0,,
410,2014-11-12,Argentina,Croatia,IF,1,,11,50,1,1,,
411,2014-11-22,FCBarcelona,Sevilla,LL,1,,22,48,1,2,,
412,2014-11-22,FCBarcelona,Sevilla,LL,1,Neymar,2,57,1,0,,
413,2014-11-22,FCBarcelona,Sevilla,LL,1,Neymar,15,43,1,0,,
414,2014-11-25,FCBarcelona,Apoel,CL,1,Rafinha,8,46,2,0,,
415,2014-11-25,FCBarcelona,Apoel,CL,1,Alves,11,57,2,0,,
416,2014-11-25,FCBarcelona,Apoel,CL,1,Pedro,6,47,2,0,,
417,2014-12-07,FCBarcelona,Espanyol,LL,1,Xavi,21,44,1,0,,
418,2014-12-07,FCBarcelona,Espanyol,LL,1,Suarez,17,51,2,0,,
419,2014-12-07,FCBarcelona,Espanyol,LL,1,Pedro,8,58,2,0,,
420,2014-12-10,FCBarcelona,PSG,CL,1,Suarez,3,57,2,0,,
421,2014-12-20,FCBarcelona,Cordoba,LL,1,,14,52,2,0,,
422,2014-12-20,FCBarcelona,Cordoba,LL,1,,10,62,2,0,,
423,2015-01-08,FCBarcelona,Elche,CDR,1,Neymar,11,50,1,1,,
424,2015-01-11,FCBarcelona,Atletico Madrid,LL,1,Rakitic,7,56,1,0,,
425,2015-01-18,FCBarcelona,Deportivo La Coruna,LL,0,Rakitic,11,41,3,0,,
426,2015-01-18,FCBarcelona,Deportivo La Coruna,LL,0,Suarez,6,43,1,0,,
427,2015-01-18,FCBarcelona,Deportivo La Coruna,LL,0,Rakitic,13,66,1,0,,
428,2015-01-21,FCBarcelona,Atletico Madrid,CDR,1,,2,49,1,0,penalty rebound,
429,2015-01-24,FCBarcelona,Elche,LL,0,Neymar,11,50,1,1,,
430,2015-01-24,FCBarcelona,Elche,LL,0,Bartra,13,36,1,0,,
431,2015-02-01,FCBarcelona,Villareal,LL,1,Suarez,18,50,2,0,,
432,2015-02-08,FCBarcelona,Athletic Club,LL,0,,29,65,1,0,,
433,2015-02-11,FCBarcelona,Villareal,CDR,1,Suarez,12,45,1,0,,
434,2015-02-15,FCBarcelona,Levante,LL,1,Bartra,9,62,2,0,,
435,2015-02-15,FCBarcelona,Levante,LL,1,Pedro,6,49,2,0,,
436,2015-02-15,FCBarcelona,Levante,LL,1,Neymar,11,50,1,1,,
437,2015-02-28,FCBarcelona,Granada,LL,0,Suarez,9,52,2,0,,
438,2015-03-08,FCBarcelona,Rayo Vallecano,LL,1,,11,50,1,1,,
439,2015-03-08,FCBarcelona,Rayo Vallecano,LL,1,,5,51,1,0,,
440,2015-03-08,FCBarcelona,Rayo Vallecano,LL,1,Pedro,3,38,1,0,,
441,2015-03-14,FCBarcelona,Eibar,LL,0,,11,50,1,1,,
442,2015-03-14,FCBarcelona,Eibar,LL,0,Pedro,10,55,3,0,,
443,2015-04-08,FCBarcelona,Almeria,LL,1,Bartra,14,75,1,0,,
444,2015-04-11,FCBarcelona,Sevilla,LL,0,Neymar,13,59,1,0,,
445,2015-04-18,FCBarcelona,Valencia,LL,1,Neymar,9,52,1,0,,
446,2015-04-25,FCBarcelona,Espanyol,LL,0,Roberto,2,39,1,0,,
447,2015-04-28,FCBarcelona,Getafe,LL,1,Suarez,11,50,1,1,,
448,2015-04-28,FCBarcelona,Getafe,LL,1,Suarez,10,68,1,0,,
449,2015-05-02,FCBarcelona,Cordoba,LL,0,Alves,11,57,3,0,,
450,2015-05-02,FCBarcelona,Cordoba,LL,0,Suarez,2,47,1,0,,
451,2015-05-06,FCBarcelona,Bayern Munich,CL,1,Alves,19,58,1,0,,
452,2015-05-06,FCBarcelona,Bayern Munich,CL,1,Rakitic,7,61,2,0,Chip,
453,2015-05-17,FCBarcelona,Atletico Madrid,LL,0,Neymar,10,41,1,0,,
454,2015-05-23,FCBarcelona,Deportivo La Coruna,LL,1,Rafinha,6,45,3,0,,
455,2015-05-23,FCBarcelona,Deportivo La Coruna,LL,1,Neymar,7,57,1,0,,
456,2015-05-30,FCBarcelona,Athletic Club,CDR,1,,9,69,1,0,,solo run
457,2015-05-30,FCBarcelona,Athletic Club,CDR,1,Alves,6,57,2,0,,
458,2015-06-13,Argentina,Paraguay,CA,1,DiMaria,11,50,1,1,,
459,2015-08-11,FCBarcelona,Sevilla,European SC,1,,18,60,1,2,,
460,2015-08-11,FCBarcelona,Sevilla,European SC,1,,23,48,1,2,,
461,2015-08-17,FCBarcelona,Athletic Club,Spanish SC,1,Suarez,4,48,1,0,,
462,2015-09-04,Argentina,Bolivia,IF,1,Casco,8,48,3,0,,
463,2015-09-04,Argentina,Bolivia,IF,1,Aguero,5,46,1,0,,
464,2015-09-08,Argentina,Mexico,IF,1,Aguero,7,40,1,0,,
465,2015-09-12,FCBarcelona,Atletico Madrid,LL,0,Suarez,8,43,1,0,,
466,2015-09-20,FCBarcelona,Levante,LL,1,,11,50,1,1,,
467,2015-09-20,FCBarcelona,Levante,LL,1,Bartra,15,50,1,0,,
468,2015-11-24,FCBarcelona,Roma,CL,1,Suarez,6,40,1,0,chip,
469,2015-11-24,FCBarcelona,Roma,CL,1,,2,44,1,0,,
470,2015-11-28,FCBarcelona,Real Sociedad,LL,1,Neymar,3,57,1,0,,
471,2015-12-09,FCBarcelona,Bayer Leverkusen,CL,0,Rakitic,5,56,2,0,,
472,2015-12-12,FCBarcelona,Deportivo La Coruna,LL,1,,25,60,1,2,,
473,2015-12-20,FCBarcelona,River Plate,Club WC,0,Neymar,8,57,1,0,,
474,2015-12-30,FCBarcelona,Real Betis,LL,1,Neymar,7,47,1,0,,
475,2016-01-06,FCBarcelona,Espanyol,CDR,1,Iniesta,10,49,1,0,,
476,2016-01-06,FCBarcelona,Espanyol,CDR,1,,25,70,1,0,,
477,2016-01-09,FCBarcelona,Granada,LL,1,Turan,5,45,1,0,,
478,2016-01-09,FCBarcelona,Granada,LL,1,Suarez,2,39,1,0,,
479,2016-01-09,FCBarcelona,Granada,LL,1,,7,48,1,0,,
480,2016-01-17,FCBarcelona,Athletic Club,LL,1,Suarez,11,50,1,1,,
481,2016-01-23,FCBarcelona,Malaga,LL,0,Adriano,6,57,1,0,,
482,2016-01-30,FCBarcelona,Atletico Madrid,LL,1,Alba,8,43,1,0,,
483,2016-02-03,FCBarcelona,Valencia,CDR,1,Neymar,8,52,1,0,,
484,2016-02-03,FCBarcelona,Valencia,CDR,1,Suarez,12,50,1,0,,
485,2016-02-03,FCBarcelona,Valencia,CDR,1,,11,34,1,0,,
486,2016-02-14,FCBarcelona,Celta Vigo,LL,1,,26,63,1,0,,
487,2016-02-17,FCBarcelona,Sporting Gijon,LL,0,Suarez,23,53,1,0,,
488,2016-02-17,FCBarcelona,Sporting Gijon,LL,0,Suarez,8,62,1,0,,
489,2016-02-23,FCBarcelona,Arsenal,CL,0,Neymar,8,51,1,0,,
490,2016-02-23,FCBarcelona,Arsenal,CL,0,,11,50,1,1,messi drew,
491,2016-02-28,FCBarcelona,Sevilla,LL,1,,19,37,1,2,,
492,2016-03-03,FCBarcelona,Rayo Vallecano,LL,0,Neymar,9,42,1,0,,
493,2016-03-03,FCBarcelona,Rayo Vallecano,LL,0,,9,47,1,0,,
494,2016-03-03,FCBarcelona,Rayo Vallecano,LL,0,Busquets,13,52,1,0,,
495,2016-03-06,FCBarcelona,Eibar,LL,0,Munir,12,37,1,0,,
496,2016-03-06,FCBarcelona,Eibar,LL,0,,11,50,1,0,Handball,
497,2016-03-12,FCBarcelona,Getafe,LL,1,Turan,22,50,1,0,,
498,2016-03-16,FCBarcelona,Arsenal,CL,1,Neymar,8,60,1,0,,
499,2016-03-29,FCBarcelona,Bolivia,WCQ,1,Banega,11,50,1,0,,
500,2016-04-17,FCBarcelona,Valencia,LL,1,Alba,10,47,1,0,,
501,2016-04-20,FCBarcelona,Deportivo La Coruna,LL,0,Suarez,13,51,1,0,,
502,2016-04-23,FCBarcelona,Sporting Gijon,LL,1,,15,51,3,0,,
503,2016-05-08,FCBarcelona,Espanyol,LL,1,,23,52,1,2,,
504,2016-06-10,Argentina,Panama,CA,1,Higuain,12,44,1,0,,
505,2016-06-10,Argentina,Panama,CA,1,,24,67,1,2,,
506,2016-06-10,Argentina,Panama,CA,1,Rojo,12,54,1,0,,
507,2016-06-18,Argentina,Venezuela,CA,1,Gaitan,9,55,1,0,,
508,2016-06-21,Argentina,USA,CA,0,,23,40,1,2,,
509,2016-08-17,FCBarcelona,Sevilla,Spanish SC,1,Digne,8,57,3,0,,
510,2016-08-20,FCBarcelona,Real Betis,LL,1,Roberto,21,57,1,0,,
511,2016-08-20,FCBarcelona,Real Betis,LL,1,Turan,20,45,1,0,,
512,2016-09-01,Argentina,Uruguay,WCQ,1,,18,29,1,0,,
513,2016-09-13,FCBarcelona,Celtic,CL,1,Neymar,5,34,1,0,,
514,2016-09-13,FCBarcelona,Celtic,CL,1,Neymar,2,43,1,0,,
515,2016-09-13,FCBarcelona,Celtic,CL,1,Suarez,4,55,1,0,,
516,2016-09-17,FCBarcelona,Leganes,LL,0,Suarez,8,55,1,0,,
517,2016-09-17,FCBarcelona,Leganes,LL,0,Neymar,11,50,1,1,,
518,2016-10-15,FCBarcelona,Deportivo La Coruna,LL,1,Neymar,6,37,1,0,,
519,2016-10-19,FCBarcelona,Manchester City,CL,1,Iniesta,5,44,1,0,,
520,2016-10-19,FCBarcelona,Manchester City,CL,1,Iniesta,17,59,1,0,,
521,2016-10-19,FCBarcelona,Manchester City,CL,1,Suarez,10,48,1,0,,
522,2016-10-22,FCBarcelona,Valencia,LL,0,Rakitic,15,62,1,0,,
523,2016-10-22,FCBarcelona,Valencia,LL,0,Suarez,11,50,1,1,,
524,2016-11-01,FCBarcelona,Manchester City,CL,0,Neymar,11,46,1,0,,
525,2016-11-06,FCBarcelona,Sevilla,LL,0,Neymar,17,47,1,0,,
526,2016-11-15,Argentina,Colombia,WCQ,1,,26,49,1,2,,
527,2016-11-23,FCBarcelona,Celtic,CL,0,Neymar,7,42,1,0,,
528,2016-11-23,FCBarcelona,Celtic,CL,0,Suarez,11,50,1,1,,
529,2016-11-27,FCBarcelona,Real Sociedad,LL,0,Neymar,10,46,1,0,,
530,2016-12-06,FCBarcelona,Borussia Monch,CL,1,Turan,8,38,1,0,,
531,2016-12-10,FCBarcelona,Osasuna,LL,0,Alba,6,42,1,0,,
532,2016-12-10,FCBarcelona,Osasuna,LL,0,Busquets,11,47,1,0,,
533,2016-12-18,FCBarcelona,Espanyol,LL,1,Suarez,6,56,1,0,,
534,2017-01-05,FCBarcelona,Athletic Club,CDR,0,,21,22,1,2,,
535,2017-01-08,FCBarcelona,Villareal,LL,0,,22,51,1,2,,
536,2017-01-11,FCBarcelona,Athletic Club,CDR,1,,22,43,1,2,,
537,2017-01-14,FCBarcelona,Los Palmas,LL,1,,3,54,2,0,,
538,2017-01-22,FCBarcelona,Eibar,LL,0,Suarez,7,45,1,0,,
539,2017-01-26,FCBarcelona,Real Sociedad,CDR,1,Neymar,11,50,1,1,,
540,2017-02-01,FCBarcelona,Atletico Madrid,CDR,0,Rakitic,23,65,1,0,,
541,2017-02-04,FCBarcelona,Athletic Club,LL,1,,7,88,1,2,,
542,2017-02-11,FCBarcelona,Alaves,LL,0,Neymar,7,34,1,0,,
543,2017-02-19,FCBarcelona,Leganes,LL,1,Suarez,5,53,2,0,,
544,2017-02-19,FCBarcelona,Leganes,LL,1,Neymar,11,50,1,1,,
545,2017-02-26,FCBarcelona,Atletico Madrid,LL,0,,3,55,1,0,,
546,2017-03-01,FCBarcelona,Sporting Gijon,LL,1,Mascherano,13,46,3,0,,
547,2017-03-04,FCBarcelona,Celta Vigo,LL,1,Busquets,17,47,1,0,,
548,2017-03-04,FCBarcelona,Celta Vigo,LL,1,,13,59,1,0,,
549,2017-03-08,FCBarcelona,PSG,CL,1,Neymar,11,50,1,1,,
550,2017-03-19,FCBarcelona,Valencia,LL,1,Suarez,11,50,1,1,,
551,2017-03-19,FCBarcelona,Valencia,LL,1,Mascherano,8,64,2,0,,
552,2017-03-23,Argentina,Chile,WCQ,1,,11,50,1,0,,
553,2017-04-05,FCBarcelona,Sevilla,LL,1,Suarez,7,58,2,0,,
554,2017-04-05,FCBarcelona,Sevilla,LL,1,Suarez,11,60,1,0,,
555,2017-04-15,FCBarcelona,Real Sociedad,LL,1,Suarez,23,51,1,0,,
556,2017-04-15,FCBarcelona,Real Sociedad,LL,1,,6,51,1,0,,
557,2017-04-23,FCBarcelona,Real Madrid,LL,0,Rakitic,11,49,1,0,,
558,2017-04-23,FCBarcelona,Real Madrid,LL,0,Rakitic,12,42,1,0,,
559,2017-04-26,FCBarcelona,Osasuna,LL,1,,10,58,1,0,,
560,2017-04-26,FCBarcelona,Osasuna,LL,1,Rakitic,18,44,1,0,,
561,2017-05-06,FCBarcelona,Villareal,LL,1,Busquets,18,38,1,0,,
562,2017-05-06,FCBarcelona,Villareal,LL,1,,11,50,1,1,,
563,2017-05-21,FCBarcelona,Eibar,LL,1,Neymar,11,50,1,1,,
564,2017-05-21,FCBarcelona,Eibar,LL,1,,15,49,2,0,,
565,2017-05-27,FCBarcelona,Alaves,CDR,1,Neymar,17,49,1,0,,
566,2017-08-13,FCBarcelona,Real Madrid,Spanish SC,1,Suarez,11,50,1,1,,
567,2017-08-26,FCBarcelona,Alaves,LL,0,Alba,9,36,1,0,,
568,2017-08-26,FCBarcelona,Alaves,LL,0,Alcacer,9,43,1,0,,
569,2017-09-09,FCBarcelona,Espanyol,LL,1,Rakitic,9,50,1,0,,
570,2017-09-09,FCBarcelona,Espanyol,LL,1,Alba,4,43,2,0,,
571,2017-09-09,FCBarcelona,Espanyol,LL,1,Alba,9,45,1,0,,
572,2017-09-12,FCBarcelona,Juventus,CL,1,Suarez,16,37,1,0,,
573,2017-09-12,FCBarcelona,Juventus,CL,1,,16,48,1,0,,
574,2017-09-19,FCBarcelona,Eibar,LL,1,Semedo,11,50,1,1,,
575,2017-09-19,FCBarcelona,Eibar,LL,1,Busquets,16,50,1,0,,
576,2017-09-19,FCBarcelona,Eibar,LL,1,Paulinho,8,63,1,0,,
577,2017-09-19,FCBarcelona,Eibar,LL,1,Vidal,7,59,1,0,,
578,2017-10-01,FCBarcelona,Las Palmas,LL,1,Suarez,3,58,1,0,,
579,2017-10-01,FCBarcelona,Las Palmas,LL,1,Suarez,8,53,1,0,,
580,2017-10-10,Argentina,Ecuador,WCQ,0,DiMaria,9,43,1,0,,
581,2017-10-10,Argentina,Ecuador,WCQ,0,,13,36,1,0,,
582,2017-10-10,Argentina,Ecuador,WCQ,0,Perez,16,43,1,0,,
583,2017-10-18,FCBarcelona,Olympiakos,CL,1,,21,47,1,2,,
584,2017-10-28,FCBarcelona,Athletic Club,LL,0,Alba,9,41,1,0,,
585,2017-12-02,FCBarcelona,Celta Vigo,LL,1,Paulinho,9,37,1,0,,
586,2017-12-10,FCBarcelona,Villareal,LL,0,Busquets,10,56,1,0,,
587,2017-12-23,FCBarcelona,Real Madrid,LL,0,,11,50,1,1,,
588,2018-01-07,FCBarcelona,Levante,LL,1,Alba,13,39,1,0,,
589,2018-01-11,FCBarcelona,Celta Vigo,CDR,1,Alba,15,47,1,0,,
590,2018-01-11,FCBarcelona,Celta Vigo,CDR,1,Alba,13,45,1,0,,
591,2018-01-14,FCBarcelona,Real Sociedad,LL,0,,27,49,1,2,,
592,2018-01-21,FCBarcelona,Real Betis,LL,0,Busquets,11,42,1,0,,
593,2018-01-21,FCBarcelona,Real Betis,LL,0,Suarez,10,39,1,0,,
594,2018-01-25,FCBarcelona,Espanyol,CDR,1,,20,63,1,0,,
595,2018-01-28,FCBarcelona,Alaves,LL,1,,20,63,1,2,,
596,2018-02-20,FCBarcelona,Chelsea,CL,0,Iniesta,15,42,1,0,,
597,2018-02-24,FCBarcelona,Girona,LL,1,Suarez,13,48,1,0,,
598,2018-02-25,FCBarcelona,Girona,LL,1,,22,47,1,2,,
599,2018-03-01,FCBarcelona,Las Palmas,LL,0,,19,55,1,2,,
600,2018-03-04,FCBarcelona,Atletico Madrid,LL,1,,23,61,1,2,,
601,2018-03-14,FCBarcelona,Chelsea,CL,1,Suarez,1,67,2,0,,
602,2018-03-14,FCBarcelona,Chelsea,CL,1,Suarez,7,35,1,0,,
603,2018-03-18,FCBarcelona,Athletic Club,LL,1,Dembele,17,50,1,0,,
604,2018-03-31,FCBarcelona,Sevilla,LL,0,Coutinho,22,50,1,0,,
605,2018-04-07,FCBarcelona,Leganes,LL,1,,23,66,1,2,,
606,2018-04-07,FCBarcelona,Leganes,LL,1,Coutinho,10,44,1,0,,
607,2018-04-07,FCBarcelona,Leganes,LL,1,Dembele,4,53,1,0,,
608,2018-04-21,FCBarcelona,Sevilla,CDR,0,Alba,8,40,1,0,,
609,2018-04-29,FCBarcelona,Deportivo La Coruna,LL,0,Suarez,3,36,1,0,,
610,2018-04-29,FCBarcelona,Deportivo La Coruna,LL,0,Suarez,6,53,2,0,,
611,2018-04-29,FCBarcelona,Deportivo La Coruna,LL,0,Suarez,11,45,1,0,,
612,2018-05-06,FCBarcelona,Real Madrid,LL,1,Suarez,15,45,1,0,,
613,2018-05-09,FCBarcelona,Villareal,LL,1,Iniesta,3,42,1,0,,
614,2018-05-29,FCBarcelona,Haiti,IF,1,,11,50,1,1,,
615,2018-05-29,FCBarcelona,Haiti,IF,1,,6,50,3,0,,
616,2018-05-29,FCBarcelona,Haiti,IF,1,Pavon,5,54,1,0,,
617,2018-06-26,Argentina,Nigeria,WC,0,Banega,8,61,2,0,,
618,2018-08-18,FCBarcelona,Alaves,LL,1,,22,58,1,2,,
619,2018-08-18,FCBarcelona,Alaves,LL,1,Suarez,8,42,1,0,,
620,2018-09-02,FCBarcelona,Huesca,LL,1,Rakitic,9,66,2,0,,
621,2018-09-02,FCBarcelona,Huesca,LL,1,Coutinho,15,44,1,0,,
622,2018-09-18,FCBarcelona,PSV,CL,1,,22,52,1,2,,
623,2018-09-18,FCBarcelona,PSV,CL,1,Rakitic,10,63,1,0,,
624,2018-09-18,FCBarcelona,PSV,CL,1,Suarez,13,63,2,0,,
625,2018-09-23,FCBarcelona,Girona,LL,1,Vidal,14,53,1,0,,
626,2018-10-03,FCBarcelona,Tottenham,CL,0,Alba,9,42,1,0,,
627,2018-10-03,FCBarcelona,Tottenham,CL,0,Alba,8,42,1,0,,
628,2018-10-07,FCBarcelona,Valencia,LL,0,Suarez,22,51,1,0,,
629,2018-10-20,FCBarcelona,Sevilla,LL,1,Suarez,17,61,1,0,,
630,2018-11-11,FCBarcelona,Real Betis,LL,1,Alba,11,50,1,1,,
631,2018-11-11,FCBarcelona,Real Betis,LL,1,Vidal,1,46,1,0,,
632,2018-11-28,FCBarcelona,PSV,CL,0,Dembele,9,65,1,0,,
633,2018-12-08,FCBarcelona,Espanyol,LL,0,,24,52,1,2,,
634,2018-12-08,FCBarcelona,Espanyol,LL,0,,24,27,1,2,,
635,2018-12-16,FCBarcelona,Levante,LL,0,Busquets,8,63,2,0,,
636,2018-12-16,FCBarcelona,Levante,LL,0,Alba,14,47,1,0,,
637,2018-12-16,FCBarcelona,Levante,LL,0,Vidal,5,45,1,0,,
638,2018-12-22,FCBarcelona,Celta Vigo,LL,1,Alba,16,48,1,0,,
639,2019-01-06,FCBarcelona,Getafe,LL,0,,2,40,1,0,,
640,2019-01-13,FCBarcelona,Eibar,LL,1,Suarez,8,38,1,0,,
641,2019-01-17,FCBarcelona,Levante,CDR,1,Semedo,7,56,1,0,,
642,2019-01-20,FCBarcelona,Leganes,LL,1,Alba,12,43,2,0,,
643,2019-01-27,FCBarcelona,Girona,LL,0,Alba,14,52,1,0,,
644,2019-01-30,FCBarcelona,Sevilla,CDR,1,Alba,6,47,1,0,,
645,2019-02-02,FCBarcelona,Valencia,LL,1,Semedo,11,50,1,1,,
646,2019-02-02,FCBarcelona,Valencia,LL,1,Vidal,21,41,1,0,,
647,2019-02-16,FCBarcelona,Valladolid,LL,1,Pique,11,50,1,1,,
648,2019-02-23,FCBarcelona,Sevilla,LL,0,Rakitic,14,50,1,0,,
649,2019-02-23,FCBarcelona,Sevilla,LL,0,Dembele,15,55,2,0,,
650,2019-02-23,FCBarcelona,Sevilla,LL,0,,7,45,1,0,,
651,2019-03-09,FCBarcelona,Rayo Vallecano,LL,1,Semedo,11,50,1,1,,
652,2019-03-13,FCBarcelona,Lyon,CL,1,Suarez,11,50,1,1,,
653,2019-03-13,FCBarcelona,Lyon,CL,1,Busquets,13,51,2,0,,
654,2019-03-17,FCBarcelona,Real Betis,LL,0,,23,56,1,2,,
655,2019-03-17,FCBarcelona,Real Betis,LL,0,Suarez,7,49,1,0,,
656,2019-03-17,FCBarcelona,Real Betis,LL,0,Rakitic,15,36,1,0,,
657,2019-03-30,FCBarcelona,Espanyol,LL,1,,17,54,1,2,,
658,2019-03-30,FCBarcelona,Espanyol,LL,1,Suarez,12,44,1,0,,
659,2019-04-02,FCBarcelona,Villareal,LL,0,,19,52,1,2,,
660,2019-04-06,FCBarcelona,Atletico Madrid,LL,1,,11,56,1,0,,
661,2019-04-16,FCBarcelona,Man United,CL,1,,20,56,1,0,,
662,2019-04-16,FCBarcelona,Man United,CL,1,,20,49,2,0,,
663,2019-04-27,FCBarcelona,Levante,LL,1,Vidal,7,60,1,0,,
664,2019-05-01,FCBarcelona,Liverpool,CL,1,Suarez,1,46,1,0,,
665,2019-05-01,FCBarcelona,Liverpool,CL,1,,27,49,1,2,,iconic
666,2019-05-19,FCBarcelona,Eibar,LL,0,Vidal,4,36,1,0,,
667,2019-05-19,FCBarcelona,Eibar,LL,0,Rakitic,10,38,1,0,,
668,2019-05-25,FCBarcelona,Valencia,CDR,1,Lenglet,3,55,1,0,,
669,2019-06-08,FCBarcelona,Nicaragua,IF,1,Lo Celso,12,48,1,0,,
670,2019-06-08,FCBarcelona,Nicaragua,IF,1,,3,56,1,0,,
671,2019-06-08,Argentina,Paraguay,CA,1,,3,56,1,0,,
672,2019-10-06,FCBarcelona,Sevilla,LL,1,,22,65,1,2,,
673,2019-10-19,FCBarcelona,Eibar,LL,0,Griezmann,8,42,1,0,,
674,2019-10-23,FCBarcelona,Slavia Prague,CL,0,Melo,11,56,1,0,,
675,2019-10-29,FCBarcelona,Valladolid,LL,1,,25,63,1,2,,
676,2019-10-29,FCBarcelona,Valladolid,LL,1,Rakitic,13,42,1,0,,
677,2019-11-02,FCBarcelona,Levante,LL,0,Semedo,11,50,1,1,,
678,2019-11-09,FCBarcelona,Celta Vigo,LL,1,,11,50,1,0,,
679,2019-11-09,FCBarcelona,Celta Vigo,LL,1,,24,55,1,2,,
680,2019-11-09,FCBarcelona,Celta Vigo,LL,1,,24,53,1,2,,
681,2019-11-15,Argentina,Brazil,IF,0,,3,51,1,0,rebound on penalty save,
682,2019-11-18,Argentina,Uruguay,IF,1,,11,50,1,1,,
683,2019-11-27,FCBarcelona,Borussia Dortmund,CL,1,Suarez,9,37,1,0,,
684,2019-12-01,FCBarcelona,Atletico Madrid,LL,0,Suarez,18,47,1,0,,
685,2019-12-07,FCBarcelona,Mallorca,LL,1,Griezmann,22,60,1,0,,
686,2019-12-07,FCBarcelona,Mallorca,LL,1,Rakitic,19,50,1,0,,
687,2019-12-07,FCBarcelona,Mallorca,LL,1,Suarez,13,63,1,0,,
688,2019-12-21,FCBarcelona,Alaves,LL,1,Suarez,21,39,1,0,,
689,2020-01-09,FCBarcelona,Atletico Madrid,Spanish SC,1,Suarez,15,44,2,0,,
690,2020-01-19,FCBarcelona,Granada,LL,1,Vidal,14,51,2,0,,
691,2020-01-30,FCBarcelona,Leganes,CDR,1,De Jong,9,60,1,0,,
692,2020-01-30,FCBarcelona,Leganes,CDR,1,Rakitic,8,39,1,0,,
693,2020-02-22,FCBarcelona,Eibar,LL,1,Rakitic,11,42,1,0,,
694,2020-02-22,FCBarcelona,Eibar,LL,1,Vidal,8,35,1,0,,
695,2020-02-22,FCBarcelona,Eibar,LL,1,,9,55,1,0,,
696,2020-02-22,FCBarcelona,Eibar,LL,1,,3,43,1,0,,
697,2020-03-07,FCBarcelona,Real Sociedad,LL,1,,11,50,1,0,last game before Covid,
698,2020-06-13,FCBarcelona,Mallorca,LL,0,Suarez,13,49,2,0,,
699,2020-06-16,FCBarcelona,Leganes,LL,1,,11,50,1,1,,
700,2020-06-30,FCBarcelona,Atletico Madrid,LL,1,Semedo,11,50,1,1,,
701,2020-07-16,FCBarcelona,Osasuna,LL,1,,23,43,1,2,,
702,2020-07-19,FCBarcelona,Alaves,LL,0,Puig,5,43,1,0,,
703,2020-07-19,FCBarcelona,Alaves,LL,0,Alba,9,54,1,0,,
704,2020-08-08,FCBarcelona,Napoli,CL,1,,10,65,1,0,,
705,2020-09-27,FCBarcelona,Villareal,LL,1,Fati,11,50,1,1,,
706,2020-10-09,Argentina,Ecuador,WCQ,1,Ocampos,11,50,1,1,,
707,2020-10-20,FCBarcelona,Ferencvaros,CL,1,,11,50,1,1,,
708,2020-10-28,FCBarcelona,Juventus,CL,0,Fati,11,50,1,1,,
709,2020-11-04,FCBarcelona,Dynamo Kyiv,CL,1,,11,50,1,1,,
710,2020-11-07,FCBarcelona,Real Betis,LL,1,,11,50,1,1,,
711,2020-11-07,FCBarcelona,Real Betis,LL,1,Roberto,8,64,1,0,,
712,2020-11-29,FCBarcelona,Osasuna,LL,1,Trincao,18,42,1,0,,
713,2020-12-13,FCBarcelona,Levante,LL,1,De Jong,10,39,1,0,,
714,2020-12-19,FCBarcelona,Valencia,LL,1,,2,54,3,0,,
715,2020-12-22,FCBarcelona,Valladolid,LL,0,Pedri,8,37,1,0,,
716,2021-01-06,FCBarcelona,Athletic Club,LL,0,Pedri,14,37,1,0,,
717,2021-01-06,FCBarcelona,Athletic Club,LL,0,Griezmann,8,40,1,0,,
718,2021-01-09,FCBarcelona,Granada,LL,0,Griezmann,15,46,1,0,,
719,2021-01-09,FCBarcelona,Granada,LL,0,,19,54,1,2,,
720,2021-01-27,FCBarcelona,Rayo Vallecano,CDR,0,Griezmann,5,54,1,0,,
721,2021-01-31,FCBarcelona,Athletic Club,LL,1,,24,51,1,2,,
722,2021-02-07,FCBarcelona,Real Betis,LL,0,Dembele,16,66,1,0,,
723,2021-02-13,FCBarcelona,Alaves,LL,1,Busquets,21,64,1,0,,
724,2021-02-13,FCBarcelona,Alaves,LL,1,Griezmann,23,53,1,0,,
725,2021-02-16,FCBarcelona,PSG,CL,0,De Jong,11,50,1,1,,
726,2021-02-21,FCBarcelona,Cadiz,LL,0,,11,50,1,1,,
727,2021-02-24,FCBarcelona,Elche,LL,1,Braithwaite,8,51,1,0,,
728,2021-02-24,FCBarcelona,Elche,LL,1,De Jong,5,47,1,0,,
729,2021-02-27,FCBarcelona,Sevilla,LL,0,Moriba,2,45,2,0,,
730,2021-03-10,FCBarcelona,PSG,CL,0,Pedri,25,52,1,0,,
731,2021-03-15,FCBarcelona,Huesca,LL,1,Busquets,20,41,1,0,,
732,2021-03-15,FCBarcelona,Huesca,LL,1,Trincao,20,60,1,0,,
733,2021-03-21,FCBarcelona,Real Sociedad,LL,0,Busquets,7,49,1,0,,
734,2021-03-21,FCBarcelona,Real Sociedad,LL,0,Alba,10,42,1,0,,
735,2021-04-17,FCBarcelona,Athletic Club,CDR,0,De Jong,7,62,1,0,,
736,2021-04-17,FCBarcelona,Athletic Club,CDR,0,Alba,13,42,1,0,,
737,2021-04-22,FCBarcelona,Getafe,LL,1,Busquets,1,59,1,0,,
738,2021-04-22,FCBarcelona,Getafe,LL,1,,11,38,1,0,,
739,2021-04-29,FCBarcelona,Granada,LL,1,Griezmann,8,36,1,0,,
740,2021-05-02,FCBarcelona,Valencia,LL,0,,1,46,1,0,,
741,2021-05-02,FCBarcelona,Valencia,LL,0,,24,52,1,2,,
742,2021-05-11,FCBarcelona,Levante,LL,0,,12,61,1,0,,
743,2021-05-16,FCBarcelona,Celta Vigo,LL,1,Busquets,7,56,3,0,,
744,2021-06-04,Argentina,Chile,WCQ,1,Martinez,11,50,1,1,,
745,2021-06-14,Argentina,Chile,CA,1,Martinez,24,51,1,2,,
746,2021-06-28,Argentina,Bolivia,CA,0,Gomez,11,50,1,1,,
747,2021-06-28,Argentina,Bolivia,CA,0,Aguero,22,41,1,0,,
748,2021-07-03,Argentina,Ecuador,CA,1,,17,46,1,2,,
749,2021-09-09,Argentina,Bolivia,WCQ,1,Paredes,21,51,1,0,,
750,2021-09-09,Argentina,Bolivia,WCQ,1,,7,47,2,0,,
751,2021-09-09,Argentina,Bolivia,WCQ,1,Paredes,3,44,1,0,,
752,2021-09-28,Paris St Germain,Manchester City,CL,1,Mbappe,17,49,1,0,,First goal with PSG
753,2021-10-10,Argentina,Uruguay,WCQ,1,Lo Celso,24,74,1,0,,
754,2021-10-19,FCBarcelona,Leipzig,CL,1,Mbappe,9,53,1,0,,
755,2021-10-19,FCBarcelona,Leipzig,CL,1,Mbappe,11,50,1,1,,
756,2021-11-20,Paris St Germain,Nantes,Ligue1,1,Mbappe,19,61,1,0,,
757,2021-12-07,Paris St Germain,Brugge,CL,1,Mbappe,19,53,1,0,,
758,2021-12-07,Paris St Germain,Brugge,CL,1,Messi,11,50,1,1,,
759,2022-02-06,Paris St Germain,Lille,Ligue1,0,,10,57,1,0,,
760,2022-03-26,Argentina,Venezuela,WCQ,1,DiMaria,5,51,2,0,,
761,2022-04-03,Paris St Germain,Lorient,Ligue1,1,Mbappe,12,55,1,0,,
762,2022-04-23,Paris St Germain,Lens,Ligue1,1,Neymar,24,57,1,0,,
763,2022-05-14,Paris St Germain,Montpellier,Ligue1,0,Mbappe,10,41,1,0,,
764,2022-05-14,Paris St Germain,Montpellier,Ligue1,0,Mbappe,5,55,1,0,,
765,2022-06-05,Argentina,Estonia,IF,1,,11,50,1,1,,
766,2022-06-05,Argentina,Estonia,IF,1,Gomez,7,66,1,0,,
767,2022-06-05,Argentina,Estonia,IF,1,Molina,8,54,1,0,,
768,2022-06-05,Argentina,Estonia,IF,1,,8,57,2,0,,
769,2022-06-05,Argentina,Estonia,IF,1,,13,48,1,0,,
770,2022-07-31,Paris St Germain,Nantes,Trophee des Champions,1,,3,58,2,0,,
771,2022-08-06,Paris St Germain,Clermont,Ligue1,0,Neymar,9,48,1,0,,
772,2022-08-06,Paris St Germain,Clermont,Ligue1,0,Paredes,8,52,1,0,,bicycle
773,2022-08-21,Paris St Germain,Lille,Ligue1,0,Mendez,10,42,2,0,,
774,2022-09-14,Paris St Germain,Haifa,CL,1,Mbappe,5,44,1,0,,
775,2022-09-18,Paris St Germain,Lyon,Ligue1,0,Neymar,15,44,1,0,,
776,2022-09-23,Argentina,Honduras,IF,1,,11,50,1,1,,
777,2022-09-23,Argentina,Honduras,IF,1,,23,46,1,0,,
778,2022-09-27,Argentina,Jamaica,IF,1,Lo Celso,21,51,1,0,,
779,2022-09-27,Argentina,Jamaica,IF,1,,19,54,1,2,,
780,2022-10-01,Paris St Germain,Nice,Ligue1,1,,21,51,1,2,,
781,2022-10-05,Paris St Germain,Benfica,CL,0,Mbappe,17,65,1,0,,
782,2022-10-21,Paris St Germain,Ajaccio,Ligue1,0,Mbappe,2,51,1,0,,
783,2022-10-25,Paris St Germain,Maccabi Haifa,CL,1,Mbappe,8,34,1,0,,
784,2022-10-25,Paris St Germain,Maccabi Haifa,CL,1,Mbappe,18,46,1,0,,
785,2022-10-29,Paris St Germain,Troyes,Ligue1,1,Ramos,26,49,1,0,,
786,2022-11-16,Argentina,UAE,IF,0,DiMaria,9,59,2,0,,
787,2022-11-22,Argentina,Saudi Arabia,WC,1,Paredes,11,50,1,1,,
788,2022-11-26,Argentina,Mexico,WC,1,DiMaria,23,49,1,0,,
789,2022-12-03,Argentina,Australia,WC,1,Otamendi,13,62,1,0,,
790,2022-12-09,Argentina,Netherlands,WC,0,Acuna,11,50,1,0,,
791,2022-12-13,Argentina,Croatia,WC,0,Alvarez,11,50,1,0,,
792,2022-12-18,Argentina,France,WC,1,DiMaria,11,50,1,0,,
793,2022-12-18,Argentina,France,WC,1,,2,56,2,0,,
794,2023-01-11,Paris St Germain,Angers,Ligue1,1,Mukiele,7,57,2,0,,
795,2023-02-01,Paris St Germain,Montpellier,Ligue1,0,Ruiz,5,49,1,0,,
796,2023-02-04,Paris St Germain,Toulouse,Ligue1,1,Hakimi,21,51,1,0,,
797,2023-02-19,Paris St Germain,Lille,Ligue1,1,,23,50,1,2,,
798,2023-02-26,Paris St Germain,Olympique Marseille,Ligue1,0,Mbappe,4,50,2,0,,
799,2023-03-04,Paris St Germain,Nantes,Ligue1,1,,7,49,1,0,,
800,2023-03-23,Argentina,Panama,IF,1,,23,60,1,2,,
